Date,AAPL,GOOG
6/4/2012,80.61,289.01
6/5/2012,80.4,284.92
6/6/2012,81.64,289.99
6/7/2012,81.67,288.83
6/8/2012,82.903,289.93
6/11/2012,81.6,283.9658
6/12/2012,82.31,282.27
6/13/2012,81.74,280.26
6/14/2012,81.65,279.2455
6/15/2012,82.02,281.97
6/18/2012,83.68,285.14
6/19/2012,83.92,290.4742
6/20/2012,83.677,288.47
6/21/2012,82.52,282.32
6/22/2012,83.16,285.45
6/25/2012,81.538,280.0696
6/26/2012,81.718,282.06
6/27/2012,82.07,284.365
6/28/2012,81.29,281.87
6/29/2012,83.43,289.74
7/2/2012,84.65,289.9448
7/3/2012,85.63,293.62
7/5/2012,87.13,297.66
7/6/2012,86.55,292.7
7/9/2012,87.7,292.71
7/10/2012,86.89,290.56
7/11/2012,86.35,285.31
7/12/2012,85.56,284.95
7/13/2012,86.42,287.9717
7/16/2012,86.7,287.1725
7/17/2012,86.71,288.08
7/18/2012,86.61,290.09
7/19/2012,87.76,296.23
7/20/2012,86.33,305.1
7/23/2012,86.26,307.45
7/24/2012,85.85,303.48
7/25/2012,82.14,303.69
7/26/2012,82.13,306.37
7/27/2012,83.59,317.16
7/30/2012,85,315.83
7/31/2012,87.25,316.17
8/1/2012,86.687,316.0237
8/2/2012,86.83,314.06
8/3/2012,87.96,320.34
8/6/2012,88.936,321.09
8/7/2012,88.702,319.95
8/8/2012,88.55,320.79
8/9/2012,88.68,320.8538
8/10/2012,88.81,320.68
8/13/2012,90,329.67
8/14/2012,90.24,334
8/15/2012,90.12,333.44
8/16/2012,90.91,336.1
8/17/2012,92.59,338.23
8/20/2012,95.02,337.43
8/21/2012,93.723,334.42
8/22/2012,95.55,338.251
8/23/2012,94.66,338.06
8/24/2012,94.746,338.98
8/27/2012,96.53,334.28
8/28/2012,96.4,338.29
8/29/2012,96.209,343.66
8/30/2012,94.838,340.5
8/31/2012,95.03,342.2
9/4/2012,96.42,340.18
9/5/2012,95.75,340.02
9/6/2012,96.61,349.3503
9/7/2012,97.21,352.72
9/10/2012,94.68,350.03
9/11/2012,94.37,345.75
9/12/2012,95.68,345.095
9/13/2012,97.57,352.67
9/14/2012,98.754,354.49
9/17/2012,99.969,354.64
9/18/2012,100.27,358.78
9/19/2012,100.3,363.39
9/20/2012,99.81,363.6942
9/21/2012,100.0136,366.63
9/24/2012,98.68,374.32
9/25/2012,96.22,374.21
9/26/2012,95.03,376.35
9/27/2012,97.33,377.87
9/28/2012,95.301,376.87
10/1/2012,94.2,380.51
10/2/2012,94.47,378.12
10/3/2012,95.92,380.87
10/4/2012,95.26,383.64
10/5/2012,93.23,383.441
10/8/2012,91.17,378.54
10/9/2012,90.84,371.673
10/10/2012,91.56,371.908
10/11/2012,89.7,375.36
10/12/2012,89.959,372
10/15/2012,90.68,370.12
10/16/2012,92.8275,371.9776
10/17/2012,92.0877,377.37
10/18/2012,90.38,347.152
10/19/2012,87.12,340.55
10/22/2012,90.58,339
10/23/2012,87.6222,339.83
10/24/2012,88.12,338.3124
10/25/2012,87.077,338.54
10/26/2012,86.29,337.24
10/31/2012,85.05,339.8087
11/1/2012,85.22,343.45
11/2/2012,82.4,343.615
11/5/2012,83.5173,341.14
11/6/2012,83.2642,340.52
11/7/2012,79.7146,333.226
11/8/2012,76.82,325.82
11/9/2012,78.15,331.18
11/12/2012,77.55,332.62
11/13/2012,77.557,329.1971
11/14/2012,76.7,325.95
11/15/2012,75.09,323.306
11/16/2012,75.3826,323.266
11/19/2012,80.8186,333.77
11/20/2012,80.1305,334.65
11/21/2012,80.24,332.6
11/23/2012,81.64,333.65
11/26/2012,84.22,330.24
11/27/2012,83.54,335.02
11/28/2012,83.28,341.49
11/29/2012,84.194,345.6
11/30/2012,83.61,348.84
12/3/2012,83.74,347.277
12/4/2012,82.2636,345.17
12/5/2012,76.9703,343.5661
12/6/2012,78.1778,345.22
12/7/2012,76.18,341.763
12/10/2012,75.6887,342.37
12/11/2012,77.341,348.09
12/12/2012,77,348.43
12/13/2012,75.67,350.999
12/14/2012,72.828,350.6306
12/17/2012,74.12,360.03
12/18/2012,76.27,360.17
12/19/2012,75.19,359.69
12/20/2012,74.5329,360.8188
12/21/2012,74.19,357.457
12/24/2012,74.31,354.4
12/26/2012,73.2856,354.08
12/27/2012,73.58,352.79
12/28/2012,72.7985,349.65
12/31/2012,76.0247,353.34
1/2/2013,78.43,361.26
1/3/2013,77.4423,361.47
1/4/2013,75.2857,368.616
1/7/2013,74.8,367.01
1/8/2013,75.04,366.2834
1/9/2013,73.8714,368.69
1/10/2013,74.79,370.37
1/11/2013,74.33,369.625
1/14/2013,71.68,361.26
1/15/2013,69.42,362.1
1/16/2013,72.3,357.24
1/17/2013,71.81,355.304
1/18/2013,71.429,351.9
1/22/2013,72.11,351.084
1/23/2013,73.429,370.38
1/24/2013,64.36,376.5381
1/25/2013,62.84,376.46
1/28/2013,64.261,374.99
1/29/2013,65.47,376.46
1/30/2013,65.26,376.54
1/31/2013,65.07,377.47
2/1/2013,64.8,387.4
2/4/2013,63.188,379.13
2/5/2013,65.406,382.487
2/6/2013,65.34,384.7
2/7/2013,66.89,386.588
2/8/2013,67.85,392.29
2/11/2013,68.56,390.82
2/12/2013,66.843,389.96
2/13/2013,66.72,391.04
2/14/2013,66.6557,393.52
2/15/2013,65.74,396.05
2/19/2013,65.71,403.02
2/20/2013,64.12,395.834
2/21/2013,63.72,397.37
2/22/2013,64.4,399.46
2/25/2013,63.26,394.99
2/26/2013,64.14,394.6699
2/27/2013,63.51,399.49
2/28/2013,63.06,400.2
3/1/2013,61.4957,402.69
3/4/2013,60.0071,410.341
3/5/2013,61.592,418.8827
3/6/2013,60.809,415.274
3/7/2013,61.512,415.882
3/8/2013,61.67,415.3442
3/11/2013,62.5529,416.99
3/12/2013,61.2,413.39
3/13/2013,61.19,412.24
3/14/2013,61.79,410.36
3/15/2013,63.38,406.744
3/18/2013,65.1,403.49
3/19/2013,64.93,405.25
3/20/2013,64.58,406.947
3/21/2013,64.68,405.2244
3/22/2013,65.99,404.75
3/25/2013,66.23,404.42
3/26/2013,65.8766,405.8038
3/27/2013,64.5829,400.93
3/28/2013,63.237,396.697
4/1/2013,61.273,400.19
4/2/2013,61.399,406.11
4/3/2013,61.71,402.698
4/4/2013,61.1,397.14
4/5/2013,60.46,391.13
4/8/2013,60.89,387.04
4/9/2013,61,388.44
4/10/2013,62.24,394.69
4/11/2013,62.05,394.8
4/12/2013,61.4,394.63
4/15/2013,59.98,390.57
4/16/2013,60.89,396.29
4/17/2013,57.54,390.889
4/18/2013,56.007,382.574
4/19/2013,55.79,399.54
4/22/2013,56.953,399.657
4/23/2013,58.019,403.55
4/24/2013,57.923,406.32
4/25/2013,58.34,404.15
4/26/2013,59.601,400.31
4/29/2013,61.446,409.12
4/30/2013,63.25,411.87
5/1/2013,62.76,409.8
5/2/2013,63.65,414.39
5/3/2013,64.28,422.44
5/6/2013,65.82,430.34
5/7/2013,65.523,428.1864
5/8/2013,66.26,436.38
5/9/2013,65.25,435.3
5/10/2013,64.71,439.67
5/13/2013,64.96,438.3262
5/14/2013,63.41,443.11
5/15/2013,61.26,457.4871
5/16/2013,62.083,451.4831
5/17/2013,61.89,454.135
5/20/2013,63.28,453.81
5/21/2013,62.81,453.03
5/22/2013,63.0506,444.27
5/23/2013,63.16,440.95
5/24/2013,63.59,436.22
5/28/2013,63.063,440.19
5/29/2013,63.56,433.72
5/30/2013,64.51,434.94
5/31/2013,64.248,435.173
6/3/2013,64.39,433.3812
6/4/2013,64.19,429.12
6/5/2013,63.59,429.42
6/6/2013,62.64,431.89
6/7/2013,63.116,439.43
6/10/2013,62.699,444.6649
6/11/2013,62.5143,439.47
6/12/2013,61.74,435.55
6/13/2013,62.281,438.06
6/14/2013,61.44,437.08
6/17/2013,61.7143,442.68
6/18/2013,61.68,449.86
6/19/2013,60.43,449.89
6/20/2013,59.548,441.93
6/21/2013,59.0714,440.02
6/24/2013,57.51,434.46
6/25/2013,57.52,432.67
6/26/2013,56.87,436.3882
6/27/2013,56.25,438.1
6/28/2013,56.65,439.745
7/1/2013,58.46,443.5
7/2/2013,59.78,440.71
7/3/2013,60.11,442.77
7/5/2013,59.63,446.3
7/8/2013,59.29,452.092
7/9/2013,60.34,452.17
7/10/2013,60.1,452.542
7/11/2013,61.0411,459.66
7/12/2013,60.93,461.04
7/15/2013,61.06,461.88
7/16/2013,61.456,459.344
7/17/2013,61.47,458.82
7/18/2013,61.68,454.88
7/19/2013,60.71,447.851
7/22/2013,60.901,454.89
7/23/2013,59.86,451.45
7/24/2013,62.93,451
7/25/2013,62.64,443.41
7/26/2013,63,442.23
7/29/2013,63.97,440.69
7/30/2013,64.76,445.01
7/31/2013,64.6471,443.431
8/1/2013,65.2394,451.66
8/2/2013,66.08,452.83
8/5/2013,67.06,452.048
8/6/2013,66.46,447.837
8/7/2013,66.43,444.88
8/8/2013,65.859,445.884
8/9/2013,64.92,444.76
8/12/2013,66.77,442.31
8/13/2013,69.94,440.18
8/14/2013,71.21,434.47
8/15/2013,71.13,429.4
8/16/2013,71.76,428.026
8/19/2013,72.53,432.39
8/20/2013,71.58,432.28
8/21/2013,71.77,434.23
8/22/2013,71.85,436.42
8/23/2013,71.57,434.67
8/26/2013,71.85,432.76
8/27/2013,69.8,424.65
8/28/2013,70.128,423.85
8/29/2013,70.24,427.29
8/30/2013,69.602,423.03
9/3/2013,69.8,429.76
9/4/2013,71.242,435.381
9/5/2013,70.75,439.34
9/6/2013,71.17,439.35
9/9/2013,72.31,443.583
9/10/2013,70.66,443.8907
9/11/2013,66.8157,447.65
9/12/2013,67.53,446.085
9/13/2013,66.4143,444.089
9/16/2013,64.3029,443.44
9/17/2013,65.05,442.612
9/18/2013,66.38,451.2083
9/19/2013,67.47,448.75
9/20/2013,66.77,451.1
9/23/2013,70.09,442.81
9/24/2013,69.87,442.98
9/25/2013,68.79,438.18
9/26/2013,69.46,438.65
9/27/2013,68.96,437.76
9/30/2013,68.107,437.52
10/1/2013,69.709,443.058
10/2/2013,69.94,443.551
10/3/2013,69.0586,437.61
10/4/2013,69,435.7388
10/7/2013,69.68,432.44
10/8/2013,68.71,426.41
10/9/2013,69.513,427.5
10/10/2013,69.948,433.69
10/11/2013,70.402,435.56
10/14/2013,70.86,437.62
10/15/2013,71.24,440.56
10/16/2013,71.588,448.565
10/17/2013,72.07,443.953
10/18/2013,72.7,505.1983
10/21/2013,74.48,501.15
10/22/2013,74.2668,502.996
10/23/2013,74.99,515.1878
10/24/2013,75.99,512.26
10/25/2013,75.137,507.09
10/28/2013,75.697,506.992
10/29/2013,73.811,517.6
10/30/2013,74.985,514.69
10/31/2013,74.672,514.7747
11/1/2013,74.29,513.0065
11/4/2013,75.25,512.54
11/5/2013,75.064,510.25
11/6/2013,74.42,510.86
11/7/2013,73.213,503.47
11/8/2013,74.37,507.51
11/11/2013,74.15,504.79
11/12/2013,74.29,505.38
11/13/2013,74.376,515.72
11/14/2013,75.45,517.1
11/15/2013,74.999,516.263
11/18/2013,74.09,515.2592
11/19/2013,74.22,512.089
11/20/2013,73.57,510.64
11/21/2013,74.448,516.52
11/22/2013,74.26,515.4291
11/25/2013,74.82,522.442
11/26/2013,76.2,528.676
11/27/2013,77.9943,531.02
11/29/2013,79.44,529.27
12/2/2013,78.7471,526.71
12/3/2013,80.903,526.1
12/4/2013,80.71,528.56
12/5/2013,81.1287,528.14
12/6/2013,80,534.4
12/9/2013,80.9186,538.53
12/10/2013,80.79,541.79
12/11/2013,80.19,538.11
12/12/2013,80.08,534.45
12/13/2013,79.2,529.865
12/16/2013,79.6429,535.95
12/17/2013,79.284,534.4
12/18/2013,78.68,541.83
12/19/2013,77.78,542.57
12/20/2013,78.4314,549.7597
12/23/2013,81.44,556.9924
12/24/2013,81.1,555.36
12/26/2013,80.557,558.17
12/27/2013,80.01,558.64
12/30/2013,79.217,554.18
12/31/2013,80.15,559.79
1/2/2014,79.019,556.0034
1/3/2014,77.28,551.95
1/6/2014,77.7,558.1
1/7/2014,77.1482,568.8593
1/8/2014,77.64,570.04
1/9/2014,76.6456,564.55
1/10/2014,76.13,564.52
1/13/2014,76.53,560.9285
1/14/2014,78.06,574.13
1/15/2014,79.62,573.74
1/16/2014,79.18,577.532
1/17/2014,77.24,574.69
1/21/2014,78.44,581.27
1/22/2014,78.7871,581.93
1/23/2014,79.4543,579.47
1/24/2014,78.01,561.353
1/27/2014,78.64,550.06
1/28/2014,72.36,560.943
1/29/2014,71.54,552.91
1/30/2014,71.397,567.129
1/31/2014,71.51,589.89
2/3/2014,71.65,566.148
2/4/2014,72.68,568.51
2/5/2014,73.2271,571.03
2/6/2014,73.22,579.4
2/7/2014,74.24,588.131
2/10/2014,75.57,585.88
2/11/2014,76.57,594.4949
2/12/2014,76.56,592.75
2/13/2014,77.78,599.35
2/14/2014,77.7129,600.8
2/18/2014,78,604.83
2/19/2014,76.77,600.569
2/20/2014,75.88,601.453
2/21/2014,75.0357,601.293
2/24/2014,75.3643,605.65
2/25/2014,74.58,609.39
2/26/2014,73.91,609.47
2/27/2014,75.38,608.995
2/28/2014,75.18,607.22
3/3/2014,75.39,600.74
3/4/2014,75.89,606.85
3/5/2014,76.05,608.521
3/6/2014,75.8214,609.195
3/7/2014,75.78,606.7876
3/10/2014,75.8457,605.1792
3/11/2014,76.58,599.395
3/12/2014,76.66,603.05
3/13/2014,75.81,593.94
3/14/2014,74.96,585.81
3/17/2014,75.25,595.45
3/18/2014,75.9143,605.02
3/19/2014,75.89,599.03
3/20/2014,75.53,597.9814
3/21/2014,76.12,590.93
3/24/2014,77.03,578.39
3/25/2014,77.86,578.7806
3/26/2014,77.11,565.42
3/27/2014,76.78,556.58
3/28/2014,76.6943,559.51
3/31/2014,76.68,556.7
4/1/2014,77.38,566.88
4/2/2014,77.51,566.9824
4/3/2014,76.97,569.74
4/4/2014,75.97,543.14
4/7/2014,74.78,538.15
4/8/2014,74.7771,554.9
4/9/2014,75.76,564.14
4/10/2014,74.78,540.95
4/11/2014,74.23,530.6
4/14/2014,74.53,532.52
4/15/2014,73.9943,536.44
4/16/2014,74.1443,556.54
4/17/2014,74.99,536.1
4/21/2014,75.88,528.62
4/22/2014,75.957,534.81
4/23/2014,74.96,526.94
4/24/2014,81.11,525.16
4/25/2014,81.71,516.18
4/28/2014,84.87,517.15
4/29/2014,84.62,527.7
4/30/2014,84.3,526.66
5/1/2014,84.5,531.35
5/2/2014,84.65,527.93
5/5/2014,85.85,527.81
5/6/2014,84.9157,515.14
5/7/2014,84.62,509.96
5/8/2014,84,511
5/9/2014,83.6489,518.73
5/12/2014,84.69,529.92
5/13/2014,84.82,533.09
5/14/2014,84.84,526.65
5/15/2014,84.12,519.98
5/16/2014,85.36,520.63
5/19/2014,86.37,528.86
5/20/2014,86.39,529.77
5/21/2014,86.62,538.94
5/22/2014,86.75,545.06
5/23/2014,87.7329,552.7
5/27/2014,89.38,565.95
5/28/2014,89.14,561.68
5/29/2014,90.77,560.08
5/30/2014,90.43,559.89
6/2/2014,89.81,553.93
6/3/2014,91.08,544.94
6/4/2014,92.12,544.66
6/5/2014,92.4786,553.9
6/6/2014,92.22,556.33
6/9/2014,93.7,562.12
6/10/2014,94.25,560.55
6/11/2014,93.86,558.84
6/12/2014,92.29,551.35
6/13/2014,91.28,551.76
6/16/2014,92.2,544.28
6/17/2014,92.08,543.01
6/18/2014,92.18,553.37
6/19/2014,91.86,554.9
6/20/2014,90.91,556.36
6/23/2014,90.83,564.95
6/24/2014,90.28,564.62
6/25/2014,90.36,578.65
6/26/2014,90.9,576
6/27/2014,91.98,577.24
6/30/2014,92.93,575.28
7/1/2014,93.52,582.67
7/2/2014,93.48,582.335
7/3/2014,94.03,584.73
7/7/2014,95.968,582.25
7/8/2014,95.35,571.09
7/9/2014,95.39,576.08
7/10/2014,95.035,571.1
7/11/2014,95.22,579.18
7/14/2014,96.45,584.87
7/15/2014,95.32,584.78
7/16/2014,94.78,582.66
7/17/2014,93.0899,573.7299
7/18/2014,94.43,595.08
7/21/2014,93.939,589.47
7/22/2014,94.72,594.74
7/23/2014,97.19,595.98
7/24/2014,97.03,593.35
7/25/2014,97.671,589.02
7/28/2014,99.02,590.6
7/29/2014,98.38,585.61
7/30/2014,98.15,587.42
7/31/2014,95.6,571.6
8/1/2014,96.13,566.07
8/4/2014,95.59,573.15
8/5/2014,95.12,565.07
8/6/2014,94.96,566.374
8/7/2014,94.48,563.36
8/8/2014,94.74,568.77
8/11/2014,95.99,567.88
8/12/2014,95.97,562.73
8/13/2014,97.24,574.78
8/14/2014,97.5,574.65
8/15/2014,97.98,573.48
8/18/2014,99.16,582.16
8/19/2014,100.53,586.86
8/20/2014,100.57,584.49
8/21/2014,100.58,583.37
8/22/2014,101.32,582.56
8/25/2014,101.54,580.2
8/26/2014,100.889,577.86
8/27/2014,102.13,571
8/28/2014,102.25,569.2
8/29/2014,102.5,571.6
9/2/2014,103.3,577.33
9/3/2014,98.94,577.94
9/4/2014,98.12,581.98
9/5/2014,98.97,586.08
9/8/2014,98.36,589.72
9/9/2014,97.99,581.01
9/10/2014,101,583.1
9/11/2014,101.43,581.35
9/12/2014,101.66,575.62
9/15/2014,101.63,573.1
9/16/2014,100.86,579.95
9/17/2014,101.58,584.77
9/18/2014,101.79,589.27
9/19/2014,100.96,596.08
9/22/2014,101.06,587.37
9/23/2014,102.64,581.13
9/24/2014,101.75,587.99
9/25/2014,97.87,575.06
9/26/2014,100.75,577.1
9/29/2014,100.11,576.36
9/30/2014,100.75,577.36
10/1/2014,99.18,568.27
10/2/2014,99.9,570.08
10/3/2014,99.62,575.28
10/6/2014,99.62,577.35
10/7/2014,98.75,563.74
10/8/2014,100.8,572.5
10/9/2014,101.02,560.88
10/10/2014,100.73,544.49
10/13/2014,99.81,533.21
10/14/2014,98.75,537.94
10/15/2014,97.54,530.03
10/16/2014,96.26,524.51
10/17/2014,97.67,511.17
10/20/2014,99.76,520.84
10/21/2014,102.47,526.54
10/22/2014,102.99,532.71
10/23/2014,104.83,543.98
10/24/2014,105.22,539.78
10/27/2014,105.11,540.77
10/28/2014,106.74,548.9
10/29/2014,107.34,549.33
10/30/2014,106.98,550.31
10/31/2014,108,559.08
11/3/2014,109.4,555.22
11/4/2014,108.6,554.11
11/5/2014,108.86,545.92
11/6/2014,108.7,542.04
11/7/2014,109.01,541.01
11/10/2014,108.83,547.49
11/11/2014,109.7,550.29
11/12/2014,111.25,547.31
11/13/2014,112.82,545.38
11/14/2014,114.18,544.4
11/17/2014,113.99,536.51
11/18/2014,115.47,535.03
11/19/2014,114.67,536.99
11/20/2014,116.31,534.83
11/21/2014,116.47,537.5
11/24/2014,118.625,539.27
11/25/2014,117.6,541.08
11/26/2014,119,540.37
11/28/2014,118.93,541.83
12/1/2014,115.07,533.8
12/2/2014,114.63,533.75
12/3/2014,115.93,531.32
12/4/2014,115.49,537.31
12/5/2014,115,525.26
12/8/2014,112.4,526.98
12/9/2014,114.12,533.37
12/10/2014,111.95,526.06
12/11/2014,111.62,528.34
12/12/2014,109.73,518.66
12/15/2014,108.225,513.8
12/16/2014,106.745,495.39
12/17/2014,109.41,504.89
12/18/2014,112.65,511.1
12/19/2014,111.78,516.35
12/22/2014,112.94,524.87
12/23/2014,112.54,530.59
12/24/2014,112.01,528.77
12/26/2014,113.99,534.03
12/29/2014,113.91,530.33
12/30/2014,112.52,530.42
12/31/2014,110.38,526.4
1/2/2015,109.33,524.81
1/5/2015,106.25,513.87
1/6/2015,106.26,501.96
1/7/2015,107.75,501.1
1/8/2015,111.89,502.68
1/9/2015,112.01,496.17
1/12/2015,109.25,492.55
1/13/2015,110.22,496.18
1/14/2015,109.8,500.87
1/15/2015,106.82,501.79
1/16/2015,105.99,508.08
1/20/2015,108.72,506.9
1/21/2015,109.55,518.04
1/22/2015,112.4,534.39
1/23/2015,112.98,539.95
1/26/2015,113.1,535.21
1/27/2015,109.14,518.63
1/28/2015,115.31,510
1/29/2015,118.9,510.66
1/30/2015,117.16,534.52
2/2/2015,118.63,528.48
2/3/2015,118.65,529.24
2/4/2015,119.56,522.76
2/5/2015,119.94,527.58
2/6/2015,118.93,531
2/9/2015,119.72,527.83
2/10/2015,122.02,536.94
2/11/2015,124.88,535.97
2/12/2015,126.46,542.93
2/13/2015,127.08,549.01
2/17/2015,127.83,542.84
2/18/2015,128.715,539.7
2/19/2015,128.45,542.87
2/20/2015,129.495,538.95
2/23/2015,133,531.91
2/24/2015,132.17,536.09
2/25/2015,128.79,543.87
2/26/2015,130.415,555.48
2/27/2015,128.46,558.4
3/2/2015,129.09,571.34
3/3/2015,129.36,573.64
3/4/2015,128.54,573.37
3/5/2015,126.41,575.33
3/6/2015,126.6,567.685
3/9/2015,127.14,568.85
3/10/2015,124.51,555.01
3/11/2015,122.24,551.18
3/12/2015,124.45,555.51
3/13/2015,123.59,547.32
3/16/2015,124.95,554.51
3/17/2015,127.04,550.84
3/18/2015,128.47,559.5
3/19/2015,127.495,557.99
3/20/2015,125.9,560.36
3/23/2015,127.21,558.81
3/24/2015,126.69,570.19
3/25/2015,123.38,558.785
3/26/2015,124.24,555.17
3/27/2015,123.25,548.34
3/30/2015,126.37,552.03
3/31/2015,124.43,548
4/1/2015,124.25,542.56
4/2/2015,125.32,535.53
4/6/2015,127.35,536.765
4/7/2015,126.01,537.02
4/8/2015,125.6,541.61
4/9/2015,126.56,540.78
4/10/2015,127.1,540.01
4/13/2015,126.85,539.17
4/14/2015,126.3,530.39
4/15/2015,126.78,532.53
4/16/2015,126.17,533.8
4/17/2015,124.75,524.05
4/20/2015,127.6,535.38
4/21/2015,126.91,533.97
4/22/2015,128.62,539.365
4/23/2015,129.67,547
4/24/2015,130.28,565.06
4/27/2015,132.65,555.37
4/28/2015,130.56,553.68
4/29/2015,128.64,549.08
4/30/2015,125.15,537.34
5/1/2015,128.95,537.9
5/4/2015,128.7,540.78
5/5/2015,125.8,530.8
5/6/2015,125.01,524.22
5/7/2015,125.26,530.7
5/8/2015,127.62,538.22
5/11/2015,126.32,535.7
5/12/2015,125.865,529.04
5/13/2015,126.01,529.62
5/14/2015,128.95,538.4
5/15/2015,128.77,533.85
5/18/2015,130.19,532.3
5/19/2015,130.07,537.36
5/20/2015,130.06,539.27
5/21/2015,131.39,542.51
5/22/2015,132.54,540.11
5/26/2015,129.62,532.32
5/27/2015,132.045,539.79
5/28/2015,131.78,539.78
5/29/2015,130.28,532.11
6/1/2015,130.535,533.99
6/2/2015,129.96,539.18
6/3/2015,130.12,540.31
6/4/2015,129.36,536.7
6/5/2015,128.65,533.33
6/8/2015,127.8,526.83
6/9/2015,127.42,526.69
6/10/2015,128.88,536.69
6/11/2015,128.59,534.61
6/12/2015,127.17,532.33
6/15/2015,126.92,527.2
6/16/2015,127.6,528.15
6/17/2015,127.3,529.26
6/18/2015,127.88,536.73
6/19/2015,126.6,536.69
6/22/2015,127.61,538.19
6/23/2015,127.03,540.48
6/24/2015,128.11,537.84
6/25/2015,127.5,535.23
6/26/2015,126.75,531.69
6/29/2015,124.53,521.52
6/30/2015,125.425,520.51
7/1/2015,126.6,521.84
7/2/2015,126.44,523.4
7/6/2015,126,522.86
7/7/2015,125.69,525.02
7/8/2015,122.57,516.83
7/9/2015,120.07,520.68
7/10/2015,123.28,530.13
7/13/2015,125.66,546.55
7/14/2015,125.61,561.1
7/15/2015,126.82,560.22
7/16/2015,128.51,579.85
7/17/2015,129.62,672.93
7/20/2015,132.07,663.02
7/21/2015,130.75,662.3
7/22/2015,125.22,662.1
7/23/2015,125.16,644.28
7/24/2015,124.5,623.56
7/27/2015,122.77,627.26
7/28/2015,123.38,628
7/29/2015,122.99,631.93
7/30/2015,122.37,632.59
7/31/2015,121.3,625.61
8/3/2015,118.44,631.21
8/4/2015,114.64,629.25
8/5/2015,115.4,643.78
8/6/2015,115.13,642.68
8/7/2015,115.52,635.3
8/10/2015,119.72,633.73
8/11/2015,113.49,660.78
8/12/2015,115.24,659.56
8/13/2015,115.15,656.45
8/14/2015,115.96,657.12
8/17/2015,117.16,660.87
8/18/2015,116.5,656.13
8/19/2015,115.01,660.9
8/20/2015,112.65,646.83
8/21/2015,105.76,612.48
8/24/2015,103.12,589.61
8/25/2015,103.74,582.06
8/26/2015,109.69,628.62
8/27/2015,112.92,637.61
8/28/2015,113.29,630.38
8/31/2015,112.76,618.25
9/1/2015,107.72,597.79
9/2/2015,112.34,614.34
9/3/2015,110.37,606.25
9/4/2015,109.27,600.7
9/8/2015,112.31,614.66
9/9/2015,110.15,612.72
9/10/2015,112.57,621.35
9/11/2015,114.21,625.77
9/14/2015,115.31,623.24
9/15/2015,116.28,635.14
9/16/2015,116.41,635.98
9/17/2015,113.92,642.9
9/18/2015,113.45,629.25
9/21/2015,115.21,635.44
9/22/2015,113.4,622.69
9/23/2015,114.32,622.36
9/24/2015,115,625.8
9/25/2015,114.71,611.97
9/28/2015,112.44,594.89
9/29/2015,109.06,594.97
9/30/2015,110.3,608.42
10/1/2015,109.58,611.29
10/2/2015,110.38,626.91
10/5/2015,110.78,641.47
10/6/2015,111.31,645.44
10/7/2015,110.78,642.36
10/8/2015,109.5,639.16
10/9/2015,112.12,643.61
10/12/2015,111.6,646.67
10/13/2015,111.79,652.3
10/14/2015,110.21,651.16
10/15/2015,111.86,661.74
10/16/2015,111.04,662.2
10/19/2015,111.73,666.1
10/20/2015,113.77,650.28
10/21/2015,113.76,642.61
10/22/2015,115.5,651.79
10/23/2015,119.08,702
10/26/2015,115.28,712.78
10/27/2015,114.55,708.49
10/28/2015,119.27,712.95
10/29/2015,120.53,716.92
10/30/2015,119.5,710.81
11/2/2015,121.18,721.11
11/3/2015,122.57,722.16
11/4/2015,122,728.11
11/5/2015,120.92,731.25
11/6/2015,121.06,733.76
11/9/2015,120.57,724.89
11/10/2015,116.77,728.32
11/11/2015,116.11,735.4
11/12/2015,115.72,731.23
11/13/2015,112.34,717
11/16/2015,114.175,728.96
11/17/2015,113.69,725.3
11/18/2015,117.29,740
11/19/2015,118.78,738.41
11/20/2015,119.3,756.6
11/23/2015,117.75,755.98
11/24/2015,118.88,748.28
11/25/2015,118.03,748.15
11/27/2015,117.81,750.26
11/30/2015,118.3,742.6
12/1/2015,117.34,767.04
12/2/2015,116.28,762.38
12/3/2015,115.2,752.54
12/4/2015,119.03,766.81
12/7/2015,118.28,763.25
12/8/2015,118.23,762.37
12/9/2015,115.62,751.61
12/10/2015,116.17,749.46
12/11/2015,113.18,738.87
12/14/2015,112.48,747.77
12/15/2015,110.49,743.4
12/16/2015,111.34,758.09
12/17/2015,108.98,749.43
12/18/2015,106.03,739.31
12/21/2015,107.33,747.77
12/22/2015,107.23,750
12/23/2015,108.61,750.31
12/24/2015,108.03,748.4
12/28/2015,106.82,762.51
12/29/2015,108.74,776.6
12/30/2015,107.32,771
12/31/2015,105.26,758.88
1/4/2016,105.35,741.84
1/5/2016,102.71,742.58
1/6/2016,100.7,743.62
1/7/2016,96.45,726.39
1/8/2016,96.96,714.47
1/11/2016,98.53,716.03
1/12/2016,99.96,726.07
1/13/2016,97.39,700.56
1/14/2016,99.52,714.72
1/15/2016,97.13,694.45
1/19/2016,96.66,701.79
1/20/2016,96.79,698.45
1/21/2016,96.3,706.59
1/22/2016,101.42,725.25
1/25/2016,99.44,711.67
1/26/2016,99.99,713.04
1/27/2016,93.42,699.99
1/28/2016,94.09,730.96
1/29/2016,97.34,742.95
2/1/2016,96.43,752
2/2/2016,94.48,764.65
2/3/2016,96.35,726.95
2/4/2016,96.6,708.01
2/5/2016,94.02,683.57
2/8/2016,95.01,682.74
2/9/2016,94.99,678.11
2/10/2016,94.27,684.12
2/11/2016,93.7,683.11
2/12/2016,93.99,682.4
2/16/2016,96.64,691
2/17/2016,98.12,708.4
2/18/2016,96.26,697.35
2/19/2016,96.04,700.91
2/22/2016,96.88,706.46
2/23/2016,94.69,695.85
2/24/2016,96.1,699.56
2/25/2016,96.76,705.75
2/26/2016,96.91,705.07
2/29/2016,96.69,697.77
3/1/2016,100.53,718.81
3/2/2016,100.75,718.85
3/3/2016,101.5,712.42
3/4/2016,103.01,710.89
3/7/2016,101.87,695.16
3/8/2016,101.03,693.97
3/9/2016,101.12,705.24
3/10/2016,101.17,712.82
3/11/2016,102.26,726.82
3/14/2016,102.52,730.49
3/15/2016,104.58,728.33
3/16/2016,105.97,736.09
3/17/2016,105.8,737.78
3/18/2016,105.92,737.6
3/21/2016,105.91,742.09
3/22/2016,106.72,740.75
3/23/2016,106.13,738.06
3/24/2016,105.67,735.3
3/28/2016,105.19,733.53
3/29/2016,107.68,744.77
3/30/2016,109.56,750.53
3/31/2016,108.99,744.95
4/1/2016,109.99,749.91
4/4/2016,111.12,745.29
4/5/2016,109.81,737.8
4/6/2016,110.96,745.69
4/7/2016,108.54,740.28
4/8/2016,108.66,739.15
4/11/2016,109.02,736.1
4/12/2016,110.44,743.09
4/13/2016,112.04,751.72
4/14/2016,112.1,753.2
4/15/2016,109.85,759
4/18/2016,107.48,766.61
4/19/2016,106.91,753.93
4/20/2016,107.13,752.67
4/21/2016,105.97,759.14
4/22/2016,105.68,718.77
4/25/2016,105.08,723.15
4/26/2016,104.35,708.14
4/27/2016,97.82,705.84
4/28/2016,94.83,691.02
4/29/2016,93.74,693.01
5/2/2016,93.64,698.21
5/3/2016,95.18,692.36
5/4/2016,94.19,695.7
5/5/2016,93.24,701.43
5/6/2016,92.72,711.12
5/9/2016,92.79,712.9
5/10/2016,93.42,723.18
5/11/2016,92.51,715.29
5/12/2016,90.34,713.31
5/13/2016,90.52,710.83
5/16/2016,93.88,716.49
5/17/2016,93.49,706.23
5/18/2016,94.56,706.63
5/19/2016,94.2,700.32
5/20/2016,95.22,709.74
5/23/2016,96.43,704.24
5/24/2016,97.9,720.09
5/25/2016,99.62,725.27
5/26/2016,100.41,724.12
5/27/2016,100.35,732.66
5/31/2016,99.86,735.72
6/1/2016,98.46,734.15
6/2/2016,97.72,730.4
6/3/2016,97.92,722.34
6/6/2016,98.63,716.55
6/7/2016,99.03,716.65
6/8/2016,98.94,728.28
6/9/2016,99.65,728.58
6/10/2016,98.83,719.41
6/13/2016,97.34,718.36
6/14/2016,97.46,718.27
6/15/2016,97.14,718.92
6/16/2016,97.55,710.36
6/17/2016,95.33,691.72
6/20/2016,95.1,693.71
6/21/2016,95.91,695.94
6/22/2016,95.55,697.46
6/23/2016,96.1,701.87
6/24/2016,93.4,675.22
6/27/2016,92.04,668.26
6/28/2016,93.59,680.04
6/29/2016,94.4,684.11
6/30/2016,95.6,692.1
7/1/2016,95.89,699.21
7/5/2016,94.99,694.49
7/6/2016,95.53,697.77
7/7/2016,95.94,695.36
7/8/2016,96.68,705.63
7/11/2016,96.98,715.09
7/12/2016,97.42,720.64
7/13/2016,96.87,716.98
7/14/2016,98.79,720.95
7/15/2016,98.78,719.85
7/18/2016,99.83,733.78
7/19/2016,99.87,736.96
7/20/2016,99.96,741.19
7/21/2016,99.43,738.63
7/22/2016,98.66,742.74
7/25/2016,97.34,739.77
7/26/2016,96.67,738.42
7/27/2016,102.95,741.77
7/28/2016,104.34,745.91
7/29/2016,104.21,768.79
8/1/2016,106.05,772.88
8/2/2016,104.48,771.07
8/3/2016,105.79,773.18
8/4/2016,105.87,771.61
8/5/2016,107.48,782.22
8/8/2016,108.37,781.76
8/9/2016,108.81,784.26
8/10/2016,108,784.68
8/11/2016,107.93,784.85
8/12/2016,108.18,783.22
8/15/2016,109.48,782.44
8/16/2016,109.38,777.14
8/17/2016,109.22,779.91
8/18/2016,109.08,777.5
8/19/2016,109.36,775.42
8/22/2016,108.51,772.15
8/23/2016,108.85,772.08
8/24/2016,108.03,769.64
8/25/2016,107.57,769.41
8/26/2016,106.94,769.54
8/29/2016,106.82,772.15
8/30/2016,106,769.09
8/31/2016,106.1,767.05
9/1/2016,106.73,768.78
9/2/2016,107.73,771.46
9/6/2016,107.7,780.08
9/7/2016,108.36,780.35
9/8/2016,105.52,775.32
9/9/2016,103.13,759.66
9/12/2016,105.44,769.02
9/13/2016,107.95,759.69
9/14/2016,111.77,762.49
9/15/2016,115.57,771.76
9/16/2016,114.92,768.88
9/19/2016,113.58,765.7
9/20/2016,113.57,771.41
9/21/2016,113.55,776.22
9/22/2016,114.62,787.21
9/23/2016,112.71,786.9
9/26/2016,112.88,774.21
9/27/2016,113.09,783.01
9/28/2016,113.95,781.56
9/29/2016,112.18,775.01
9/30/2016,113.05,777.29
10/3/2016,112.52,772.56
10/4/2016,113,776.43
10/5/2016,113.05,776.47
10/6/2016,113.89,776.86
10/7/2016,114.06,775.08
10/10/2016,116.05,785.94
10/11/2016,116.3,783.07
10/12/2016,117.34,786.14
10/13/2016,116.98,778.19
10/14/2016,117.63,778.53
10/17/2016,117.55,779.96
10/18/2016,117.47,795.26
10/19/2016,117.12,801.56
10/20/2016,117.06,796.97
10/21/2016,116.6,799.37
10/24/2016,117.65,813.11
10/25/2016,118.25,807.67
10/26/2016,115.59,799.07
10/27/2016,114.48,795.35
10/28/2016,113.72,795.37
10/31/2016,113.54,784.54
11/1/2016,111.49,783.61
11/2/2016,111.59,768.7
11/3/2016,109.83,762.13
11/4/2016,108.84,762.02
11/7/2016,110.41,782.52
11/8/2016,111.06,790.51
11/9/2016,110.88,785.31
11/10/2016,107.79,762.56
11/11/2016,108.43,754.02
11/14/2016,105.71,736.08
11/15/2016,107.11,758.49
11/16/2016,109.99,764.48
11/17/2016,109.95,771.23
11/18/2016,110.06,760.54
11/21/2016,111.73,769.2
11/22/2016,111.8,768.27
11/23/2016,111.23,760.99
11/25/2016,111.79,761.68
11/28/2016,111.57,768.24
11/29/2016,111.46,770.84
11/30/2016,110.52,758.04
12/1/2016,109.49,747.92
12/2/2016,109.9,750.5
12/5/2016,109.11,762.52
12/6/2016,109.95,759.11
12/7/2016,111.03,771.19
12/8/2016,112.12,776.42
12/9/2016,113.95,789.29
12/12/2016,113.3,789.27
12/13/2016,115.19,796.1
12/14/2016,115.19,797.07
12/15/2016,115.82,797.85
12/16/2016,115.97,790.8
12/19/2016,116.64,794.2
12/20/2016,116.95,796.42
12/21/2016,117.06,794.56
12/22/2016,116.29,791.26
12/23/2016,116.52,789.91
12/27/2016,117.26,791.55
12/28/2016,116.76,785.05
12/29/2016,116.73,782.79
12/30/2016,115.82,771.82
1/3/2017,116.15,786.14
1/4/2017,116.02,786.9
1/5/2017,116.61,794.02
1/6/2017,117.91,806.15
1/9/2017,118.99,806.65
1/10/2017,119.11,804.79
1/11/2017,119.75,807.91
1/12/2017,119.25,806.36
1/13/2017,119.04,807.88
1/17/2017,120,804.61
1/18/2017,119.99,806.07
1/19/2017,119.78,802.175
1/20/2017,120,805.02
1/23/2017,120.08,819.31
1/24/2017,119.97,823.87
1/25/2017,121.88,835.67
1/26/2017,121.94,832.15
1/27/2017,121.95,823.31
1/30/2017,121.63,802.32
1/31/2017,121.35,796.79
2/1/2017,128.75,795.695
2/2/2017,128.53,798.53
2/3/2017,129.08,801.49
2/6/2017,130.29,801.34
2/7/2017,131.53,806.97
2/8/2017,132.04,808.38
2/9/2017,132.42,809.56
2/10/2017,132.12,813.67
2/13/2017,133.29,819.24
2/14/2017,135.02,820.45
2/15/2017,135.51,818.98
2/16/2017,135.345,824.16
2/17/2017,135.72,828.07
2/21/2017,136.7,831.66
2/22/2017,137.11,830.76
2/23/2017,136.53,831.33
2/24/2017,136.66,828.64
2/27/2017,136.93,829.28
2/28/2017,136.99,823.21
3/1/2017,139.79,835.24
3/2/2017,138.96,830.63
3/3/2017,139.78,829.08
3/6/2017,139.34,827.78
3/7/2017,139.52,831.91
3/8/2017,139,835.37
3/9/2017,138.68,838.68
3/10/2017,139.14,843.25
3/13/2017,139.2,845.54
3/14/2017,138.99,845.62
3/15/2017,140.46,847.2
3/16/2017,140.69,848.78
3/17/2017,139.99,852.12
3/20/2017,141.46,848.4
3/21/2017,139.84,830.46
3/22/2017,141.42,829.59
3/23/2017,140.92,817.58
3/24/2017,140.64,814.43
3/27/2017,140.88,819.51
3/28/2017,143.8,820.92
3/29/2017,144.12,831.41
3/30/2017,143.93,831.5
3/31/2017,143.66,829.56
4/3/2017,143.7,838.55
4/4/2017,144.77,834.57
4/5/2017,144.02,831.41
4/6/2017,143.66,827.88
4/7/2017,143.34,824.67
4/10/2017,143.17,824.73
4/11/2017,141.63,823.35
4/12/2017,141.8,824.32
4/13/2017,141.05,823.56
4/17/2017,141.83,837.17
4/18/2017,141.2,836.82
4/19/2017,140.68,838.21
4/20/2017,142.44,841.65
4/21/2017,142.27,843.19
4/24/2017,143.64,862.76
4/25/2017,144.53,872.3
4/26/2017,143.68,871.73
4/27/2017,143.79,874.25
4/28/2017,143.65,905.96
5/1/2017,146.58,912.57
5/2/2017,147.51,916.44
5/3/2017,147.06,927.04
5/4/2017,146.53,931.66
5/5/2017,148.96,927.13
5/8/2017,153.01,934.3
5/9/2017,153.99,932.17
5/10/2017,153.26,928.78
5/11/2017,153.95,930.6
5/12/2017,156.1,932.22
5/15/2017,155.7,937.08
5/16/2017,155.47,943
5/17/2017,150.25,919.62
5/18/2017,152.54,930.24
5/19/2017,153.06,934.01
5/22/2017,153.99,941.86
5/23/2017,153.8,948.82
5/24/2017,153.34,954.96
5/25/2017,153.87,969.54
5/26/2017,153.61,971.47
5/30/2017,153.67,975.88
5/31/2017,152.76,964.86
6/1/2017,153.18,966.95